chi,b0,b1,b2,b3,b4,b5,b6,b7,b8,b9
chiB2_nS0,  0.983961, 10.303300, -8.773807,  2.186967, -5.348900,  3.462666,  1.928817,  0.950969,  0.233657,  0.486483
chiB4_nS0, 60.107960,-114.391992, 54.093071, 22.346289,-26.265668, -0.582433,  4.648174,  2.088382,  0.418658,  0.064494