chi,a0,a1,a2,a3,a4,a5,a6,a7,a8,a9
chiB2_nS0,0.3924485049294508,1.065638993202891,-1.1670096144869258,-0.5267910578728799,0.2295251333194321,0.266847797723712,0.05920235756042791,-0.021382522396392163,0.0027756661625721914,0.04451912355429605
chiB4_nS0,0.032511340912398545,-0.02036052997863419,-0.022508304968130777,0.0029896474539385476,0.006659549543413781,0.0027490670839925707,0.0004389395713453105,0.0002444013059175445,0.0003799681627007359,0.0004271172869286841