chi,b0,b1,b2,b3,b4,b5,b6,b7,b8,b9
chiB2_nS0,2.1276485194922325,6.25888281004699,-7.317791225644787,-0.3914840608860858,0.23935857406856012,-0.4438675872287307,0.7147245812108306,0.9117059272365706,0.22350087887464967,0.3892791936830754
chiB4_nS0,4.240863271867063,-2.34881090503032,-2.962606885917892,-1.0542614637780707,2.9229948616261683,-1.0750494943085322,0.5329726332041885,0.05325233807644246,0.02948349396706071,0.05976087952330306