chi,a0,a1,a2,a3,a4,a5,a6,a7,a8,a9
chiB2_nS0,  0.122649,  1.277809, -1.376113,  0.290829,  0.027819,  0.017995,  0.036081,  0.015081,  0.005116,  0.008598
chiB4_nS0,  0.035056, -0.098427,  0.100495, -0.035529,  0.004792, -0.001608,  0.000084, -0.000031, -0.000035, -0.000017